{"accuracy": 0.7011494252873564, "precision": 0.7819548872180451, "recall": 0.45021645021645024, "roc_auc": 0.770785915115812}