{"accuracy": 0.6800766283524904, "precision": 0.6720430107526881, "recall": 0.5411255411255411, "roc_auc": 0.7202659883072253}